CV (%);MAD
-3.71417;2
4.92015;1
2.88674;2
